{
    "Basiccar": {
        "position": [
            2.0,
            0.0,
            12.0
        ],
        "rotation": [
            0.0,
            75.0,
            0.0
        ],
        "scale": [
            0.20000000298023224,
            0.20000000298023224,
            0.20000000298023224
        ]
    },
    "House": {
        "position": [
            0.0,
            0.0,
            0.0
        ],
        "rotation": [
            0.0,
            0.0,
            0.0
        ],
        "scale": [
            1.0,
            1.0,
            1.0
        ]
    },
    "Trampoline": {
        "position": [
            28.0,
            0.0,
            0.0
        ],
        "rotation": [
            0.0,
            0.0,
            0.0
        ],
        "scale": [
            1.0,
            1.0,
            1.0
        ]
    },
    "_sceneName": "NewSceneName",
    "mainCamera": {
        "pitch": -0.7500004172325134,
        "position": [
            32.345733642578125,
            31.657264709472656,
            24.904443740844727
        ],
        "yaw": 5.560018062591553
    }
}
