{
    "Basiccar": {
        "position": [
            -12.0,
            0.0,
            0.0
        ],
        "rotation": [
            0.0,
            14.0,
            0.0
        ],
        "scale": [
            0.20000000298023224,
            0.20000000298023224,
            0.20000000298023224
        ]
    },
    "House": {
        "position": [
            0.0,
            0.0,
            0.0
        ],
        "rotation": [
            0.0,
            0.0,
            0.0
        ],
        "scale": [
            1.0,
            1.0,
            1.0
        ]
    },
    "Trampoline": {
        "position": [
            28.0,
            0.0,
            0.0
        ],
        "rotation": [
            0.0,
            0.0,
            0.0
        ],
        "scale": [
            1.0,
            1.0,
            1.0
        ]
    },
    "Tree": {
        "position": [
            0.0,
            0.0,
            0.0
        ],
        "rotation": [
            0.0,
            0.0,
            0.0
        ],
        "scale": [
            1.0,
            1.0,
            1.0
        ]
    },
    "mainCamera": {
        "pitch": -0.5899999737739563,
        "position": [
            2.185026168823242,
            29.095712661743164,
            28.38572883605957
        ],
        "yaw": 6.555008888244629
    }
}
