{
    "Basiccar": {
        "position": [
            2.0,
            0.0,
            12.0
        ],
        "rotation": [
            0.0,
            75.0,
            0.0
        ],
        "scale": [
            0.20000000298023224,
            0.20000000298023224,
            0.20000000298023224
        ]
    },
    "House": {
        "position": [
            0.0,
            0.0,
            0.0
        ],
        "rotation": [
            0.0,
            0.0,
            0.0
        ],
        "scale": [
            1.0,
            1.0,
            1.0
        ]
    },
    "Trampoline": {
        "position": [
            28.0,
            0.0,
            0.0
        ],
        "rotation": [
            0.0,
            0.0,
            0.0
        ],
        "scale": [
            1.0,
            1.0,
            1.0
        ]
    },
    "mainCamera": {
        "pitch": -0.7500004172325134,
        "position": [
            24.948795318603516,
            31.83242416381836,
            24.835540771484375
        ],
        "yaw": 5.560018062591553
    }
}
